FlightDate,FlightNo,Origin,Destination,Aircraft,MaxCapacity_kg,ActualLoad_kg,LoadFactor_pct,Revenue_USD
2024-11-23,EK9242,DXB,JFK,B777F,103000,87962.0,85.4,216492.78
2024-02-22,EK9532,DXB,DEL,B777-200LRF,97000,89337.0,92.1,181777.11
2024-01-17,EK9127,DXB,LHR,B777F,103000,63654.0,61.8,201430.49
2024-10-14,EK9325,DXB,SIN,B777-200LRF,97000,78764.0,81.2,257663.98
2024-08-17,EK9925,DXB,BOM,B747-8F,134000,118456.0,88.4,215299.31
2024-03-22,EK9881,DXB,CGO,B747-8F,134000,90182.0,67.3,200185.52
2024-06-21,EK9452,DXB,JFK,B777F,103000,71173.0,69.1,197095.43
2024-11-05,EK9487,DXB,SYD,B777F,103000,87344.0,84.8,283677.23
2024-02-10,EK9982,DXB,CDG,B747-8F,134000,119662.0,89.3,415227.54
2024-07-04,EK9333,DXB,BOM,B777F,103000,86211.0,83.7,165846.33
2024-05-28,EK9564,DXB,JFK,B777F,103000,93730.0,91.0,264912.92
2024-11-21,EK9373,DXB,HKG,B777F,103000,70761.0,68.7,167397.1
2024-12-25,EK9646,DXB,DEL,B777-200LRF,97000,53544.0,55.2,188177.25
2024-05-05,EK9755,DXB,ORD,B747-8F,134000,92594.0,69.1,414053.8
2024-12-18,EK9894,DXB,CDG,B777F,103000,85284.0,82.8,347592.01
2024-01-29,EK9167,DXB,SIN,B777F,103000,90846.0,88.2,261922.18
2024-04-18,EK9505,DXB,BOM,B777-200LRF,97000,64214.0,66.2,229223.71
2024-11-25,EK9674,DXB,FRA,B777F,103000,65817.0,63.9,162297.76
2024-10-02,EK9508,DXB,SYD,B777-200LRF,97000,75951.0,78.3,320826.27
2024-07-04,EK9148,DXB,SIN,B777F,103000,77147.0,74.9,157800.75
2024-02-26,EK9710,DXB,ORD,B777-200LRF,97000,57424.0,59.2,208868.27
2024-02-02,EK9357,DXB,NRT,B747-8F,134000,105592.0,78.8,323505.87
2024-10-10,EK9649,DXB,LHR,B777-200LRF,97000,81868.0,84.4,298050.11
2024-05-16,EK9564,DXB,DEL,B747-8F,134000,76380.0,57.0,227143.9
2024-01-02,EK9282,DXB,CGO,B777-200LRF,97000,61983.0,63.9,195344.54
2024-09-16,EK9723,DXB,JFK,B777-200LRF,97000,63438.0,65.4,223629.33
2024-04-11,EK9897,DXB,ORD,B747-8F,134000,115642.0,86.3,376567.75
2024-09-28,EK9471,DXB,LHR,B777-200LRF,97000,64602.0,66.6,119680.84
2024-06-06,EK9180,DXB,SIN,B777F,103000,64684.0,62.8,215518.27
2024-02-13,EK9645,DXB,CGO,B747-8F,134000,118858.0,88.7,527795.86
2024-03-05,EK9371,DXB,ORD,B777-200LRF,97000,71198.0,73.4,233847.67
2024-09-27,EK9873,DXB,BOM,B747-8F,134000,127836.0,95.4,550725.98
2024-12-19,EK9765,DXB,SIN,B777-200LRF,97000,64020.0,66.0,287251.55
2024-07-10,EK9165,DXB,FRA,B777-200LRF,97000,70131.0,72.3,173177.65
2024-06-22,EK9107,DXB,LHR,B777-200LRF,97000,74593.0,76.9,252779.89
2024-02-06,EK9132,DXB,CGO,B777-200LRF,97000,52962.0,54.6,104969.67
2024-06-18,EK9319,DXB,JFK,B777-200LRF,97000,60819.0,62.7,219327.91
2024-10-03,EK9584,DXB,ORD,B777-200LRF,97000,91277.0,94.1,305030.97
2024-05-04,EK9541,DXB,FRA,B747-8F,134000,81204.0,60.6,167419.36
2024-06-30,EK9789,DXB,NRT,B747-8F,134000,97820.0,73.0,368635.14
2024-11-30,EK9919,DXB,DEL,B777F,103000,56341.0,54.7,212190.16
2024-02-25,EK9532,DXB,SIN,B777F,103000,62418.0,60.6,187956.61
2024-04-03,EK9553,DXB,SYD,B747-8F,134000,84688.0,63.2,363550.1
2024-10-08,EK9115,DXB,JFK,B777F,103000,83739.0,81.3,272954.59
2024-02-17,EK9985,DXB,SIN,B777F,103000,72409.0,70.3,224443.84
2024-07-24,EK9371,DXB,LHR,B777F,103000,71173.0,69.1,317455.34
2024-08-20,EK9902,DXB,SYD,B747-8F,134000,111622.0,83.3,421078.85
2024-10-11,EK9322,DXB,DEL,B777-200LRF,97000,71683.0,73.9,165783.01
2024-01-30,EK9158,DXB,BOM,B777-200LRF,97000,74108.0,76.4,283058.03
2024-01-26,EK9261,DXB,BOM,B747-8F,134000,99964.0,74.6,410086.69
2024-01-30,EK9169,DXB,CDG,B777F,103000,93009.0,90.3,184623.57
2024-12-11,EK9352,DXB,SIN,B747-8F,134000,76916.0,57.4,323337.62
2024-10-23,EK9697,DXB,BOM,B777F,103000,82297.0,79.9,241287.17
2024-10-16,EK9833,DXB,CDG,B747-8F,134000,126094.0,94.1,296510.02
2024-06-09,EK9407,DXB,SIN,B747-8F,134000,93532.0,69.8,337983.83
2024-08-22,EK9676,DXB,HKG,B777F,103000,53972.0,52.4,187667.66
2024-02-21,EK9457,DXB,JFK,B777-200LRF,97000,59752.0,61.6,150338.49
2024-02-05,EK9656,DXB,SIN,B747-8F,134000,86832.0,64.8,259028.4
2024-12-26,EK9641,DXB,SYD,B777-200LRF,97000,93411.0,96.3,371698.23
2024-01-05,EK9999,DXB,DEL,B777-200LRF,97000,63535.0,65.5,228163.69
2024-03-09,EK9259,DXB,SYD,B777F,103000,94760.0,92.0,360516.79
2024-05-19,EK9803,DXB,SYD,B777-200LRF,97000,59655.0,61.5,162606.21
2024-11-20,EK9966,DXB,SYD,B777-200LRF,97000,71780.0,74.0,304663.64
2024-01-27,EK9103,DXB,JFK,B777-200LRF,97000,68967.0,71.1,175661.47
2024-06-19,EK9552,DXB,ORD,B777-200LRF,97000,93217.0,96.1,208458.51
2024-10-09,EK9807,DXB,CGO,B747-8F,134000,103448.0,77.2,217453.85
2024-03-17,EK9251,DXB,CDG,B777F,103000,92288.0,89.6,311266.74
2024-08-08,EK9915,DXB,ORD,B777F,103000,67877.0,65.9,286933.05
2024-01-21,EK9462,DXB,HKG,B777F,103000,85181.0,82.7,306712.95
2024-10-13,EK9342,DXB,NRT,B777-200LRF,97000,83129.0,85.7,357418.32
2024-03-24,EK9440,DXB,ORD,B747-8F,134000,71154.0,53.1,269582.87
2024-07-29,EK9906,DXB,DEL,B777-200LRF,97000,85845.0,88.5,216361.63
2024-12-25,EK9327,DXB,JFK,B747-8F,134000,122208.0,91.2,503277.2
2024-04-12,EK9333,DXB,FRA,B747-8F,134000,88038.0,65.7,347524.09
2024-04-24,EK9985,DXB,LHR,B777-200LRF,97000,58879.0,60.7,158167.09
2024-02-05,EK9963,DXB,SYD,B747-8F,134000,108406.0,80.9,312115.14
2024-10-01,EK9282,DXB,HKG,B777F,103000,58916.0,57.2,260413.53
2024-10-24,EK9846,DXB,SYD,B777F,103000,58607.0,56.9,174257.49
2024-06-09,EK9690,DXB,NRT,B777-200LRF,97000,93411.0,96.3,197306.79
2024-04-07,EK9925,DXB,SYD,B777F,103000,86417.0,83.9,155945.22
2024-10-02,EK9301,DXB,DEL,B777-200LRF,97000,91471.0,94.3,346675.25
2024-07-05,EK9738,DXB,NRT,B777F,103000,97541.0,94.7,418068.66
2024-06-09,EK9416,DXB,DEL,B777F,103000,86932.0,84.4,226968.16
2024-12-07,EK9230,DXB,NRT,B747-8F,134000,93934.0,70.1,244065.8
2024-04-08,EK9278,DXB,NRT,B777-200LRF,97000,91471.0,94.3,331926.16
2024-11-11,EK9411,DXB,BOM,B747-8F,134000,94202.0,70.3,381617.76
2024-05-26,EK9429,DXB,SIN,B747-8F,134000,117116.0,87.4,402643.2
2024-08-26,EK9912,DXB,FRA,B747-8F,134000,110416.0,82.4,351141.63
2024-03-27,EK9734,DXB,DEL,B777F,103000,66744.0,64.8,239771.5
2024-06-20,EK9303,DXB,JFK,B777F,103000,84769.0,82.3,203999.12
2024-03-16,EK9970,DXB,LHR,B777F,103000,64890.0,63.0,200047.31
2024-02-07,EK9835,DXB,FRA,B747-8F,134000,123146.0,91.9,413070.04
2024-12-22,EK9804,DXB,NRT,B747-8F,134000,93800.0,70.0,206213.92
2024-01-03,EK9812,DXB,JFK,B747-8F,134000,82812.0,61.8,328854.45
2024-09-22,EK9224,DXB,FRA,B777F,103000,79413.0,77.1,339662.82
2024-08-21,EK9709,DXB,ORD,B747-8F,134000,109880.0,82.0,490867.98
2024-06-11,EK9536,DXB,FRA,B777-200LRF,97000,86039.0,88.7,362091.24
2024-10-07,EK9365,DXB,FRA,B777F,103000,88065.0,85.5,271382.95
2024-05-06,EK9741,DXB,DEL,B747-8F,134000,115910.0,86.5,371782.43
2024-05-02,EK9378,DXB,SYD,B747-8F,134000,74370.0,55.5,191239.93
2024-06-20,EK9492,DXB,HKG,B777-200LRF,97000,53932.0,55.6,119041.02
2024-12-21,EK9438,DXB,ORD,B777-200LRF,97000,59752.0,61.6,174484.4
2024-10-04,EK9498,DXB,FRA,B747-8F,134000,73432.0,54.8,297311.93
2024-10-26,EK9489,DXB,CGO,B777F,103000,93318.0,90.6,360870.54
2024-09-01,EK9955,DXB,LHR,B747-8F,134000,87636.0,65.4,250022.35
2024-08-02,EK9325,DXB,CDG,B777-200LRF,97000,82547.0,85.1,326856.74
2024-09-06,EK9444,DXB,SIN,B747-8F,134000,95944.0,71.6,180218.04
2024-12-08,EK9230,DXB,DEL,B747-8F,134000,113364.0,84.6,461319.53
2024-11-14,EK9778,DXB,CDG,B777F,103000,95584.0,92.8,324804.99
2024-01-14,EK9286,DXB,JFK,B777-200LRF,97000,69161.0,71.3,286361.03
2024-01-26,EK9445,DXB,SYD,B747-8F,134000,89378.0,66.7,270608.71
2024-07-13,EK9119,DXB,SYD,B747-8F,134000,84956.0,63.4,171708.55
2024-10-03,EK9767,DXB,LHR,B747-8F,134000,83214.0,62.1,165202.22
2024-01-21,EK9256,DXB,LHR,B777F,103000,62830.0,61.0,116551.29
2024-05-02,EK9323,DXB,ORD,B747-8F,134000,110014.0,82.1,365545.48
2024-08-26,EK9721,DXB,CGO,B747-8F,134000,115910.0,86.5,261148.79
2024-02-28,EK9419,DXB,ORD,B747-8F,134000,76246.0,56.9,142529.07
2024-10-21,EK9177,DXB,DEL,B747-8F,134000,93532.0,69.8,348924.84
2024-10-30,EK9408,DXB,CGO,B777-200LRF,97000,61013.0,62.9,224675.56
2024-12-16,EK9142,DXB,BOM,B777F,103000,90434.0,87.8,300965.97
2024-06-26,EK9763,DXB,CDG,B747-8F,134000,109612.0,81.8,217709.51
2024-06-23,EK9470,DXB,LHR,B747-8F,134000,119260.0,89.0,248651.73
2024-11-21,EK9634,DXB,FRA,B777-200LRF,97000,57133.0,58.9,130010.13
2024-11-29,EK9595,DXB,SYD,B777-200LRF,97000,85748.0,88.4,278943.98
2024-08-26,EK9351,DXB,NRT,B777-200LRF,97000,76339.0,78.7,203842.11
2024-02-14,EK9724,DXB,SYD,B747-8F,134000,84420.0,63.0,257878.86
2024-12-08,EK9286,DXB,NRT,B747-8F,134000,71422.0,53.3,292656.83
2024-09-06,EK9710,DXB,SIN,B747-8F,134000,117786.0,87.9,320250.11
2024-12-25,EK9187,DXB,SYD,B777-200LRF,97000,50925.0,52.5,222021.23
2024-05-03,EK9807,DXB,CGO,B747-8F,134000,99160.0,74.0,381472.94
2024-08-31,EK9195,DXB,DEL,B777-200LRF,97000,71877.0,74.1,283261.42
2024-05-30,EK9695,DXB,SIN,B747-8F,134000,111354.0,83.1,292499.82
2024-07-07,EK9863,DXB,FRA,B777-200LRF,97000,73623.0,75.9,217103.94
2024-10-08,EK9357,DXB,HKG,B747-8F,134000,112024.0,83.6,283585.88
2024-04-28,EK9648,DXB,JFK,B777-200LRF,97000,58879.0,60.7,124988.21
2024-12-19,EK9841,DXB,ORD,B777F,103000,63551.0,61.7,197474.32
2024-10-28,EK9298,DXB,CDG,B777-200LRF,97000,62759.0,64.7,130000.28
2024-05-31,EK9646,DXB,SIN,B747-8F,134000,80534.0,60.1,148037.65
2024-03-05,EK9814,DXB,SYD,B777F,103000,98674.0,95.8,325038.99
2024-03-05,EK9391,DXB,DEL,B747-8F,134000,75844.0,56.6,139030.89
2024-08-28,EK9358,DXB,FRA,B747-8F,134000,90182.0,67.3,397417.97
2024-09-01,EK9744,DXB,JFK,B777F,103000,72100.0,70.0,144201.58
2024-12-17,EK9411,DXB,LHR,B777F,103000,60461.0,58.7,200710.38
2024-02-13,EK9710,DXB,SIN,B777F,103000,79413.0,77.1,232177.39
2024-11-12,EK9404,DXB,SIN,B777-200LRF,97000,67027.0,69.1,285063.27
2024-10-28,EK9857,DXB,NRT,B747-8F,134000,103984.0,77.6,204081.27
2024-02-20,EK9260,DXB,SIN,B777-200LRF,97000,59655.0,61.5,213753.17
2024-05-02,EK9561,DXB,ORD,B777-200LRF,97000,53738.0,55.4,97116.63
2024-12-18,EK9823,DXB,BOM,B747-8F,134000,87234.0,65.1,211541.21
2024-05-24,EK9370,DXB,CGO,B747-8F,134000,73968.0,55.2,179760.31
2024-11-16,EK9217,DXB,BOM,B777-200LRF,97000,85554.0,88.2,199692.61
2024-10-05,EK9245,DXB,SIN,B777-200LRF,97000,56939.0,58.7,143327.29
2024-02-06,EK9944,DXB,LHR,B777F,103000,90331.0,87.7,307723.29
2024-10-18,EK9816,DXB,SYD,B747-8F,134000,77184.0,57.6,282449.49
2024-07-25,EK9712,DXB,SYD,B777-200LRF,97000,74011.0,76.3,220697.02
2024-01-21,EK9193,DXB,NRT,B777-200LRF,97000,64505.0,66.5,159713.95
2024-04-27,EK9883,DXB,DEL,B777-200LRF,97000,76048.0,78.4,141146.06
2024-12-10,EK9581,DXB,SYD,B777-200LRF,97000,52186.0,53.8,200494.74
2024-09-22,EK9699,DXB,DEL,B747-8F,134000,124888.0,93.2,285996.1
2024-08-11,EK9518,DXB,DEL,B747-8F,134000,128104.0,95.6,393154.77
2024-06-19,EK9521,DXB,HKG,B777-200LRF,97000,54999.0,56.7,122880.26
2024-12-21,EK9878,DXB,FRA,B747-8F,134000,109612.0,81.8,315816.41
2024-10-08,EK9218,DXB,LHR,B747-8F,134000,75040.0,56.0,186210.03
2024-07-25,EK9523,DXB,CDG,B777F,103000,84048.0,81.6,274416.95
2024-01-28,EK9740,DXB,SIN,B777-200LRF,97000,66251.0,68.3,254562.61
2024-08-14,EK9394,DXB,LHR,B777F,103000,65920.0,64.0,141974.26
2024-08-12,EK9723,DXB,CGO,B747-8F,134000,77050.0,57.5,341138.6
2024-05-02,EK9517,DXB,CGO,B777F,103000,67980.0,66.0,124873.89
2024-02-17,EK9952,DXB,SIN,B777F,103000,74984.0,72.8,158753.02
2024-03-19,EK9525,DXB,FRA,B777-200LRF,97000,63147.0,65.1,233935.1
2024-09-04,EK9295,DXB,FRA,B777F,103000,74778.0,72.6,163803.7
2024-11-02,EK9382,DXB,CDG,B777-200LRF,97000,88852.0,91.6,367214.01
2024-07-31,EK9843,DXB,HKG,B777-200LRF,97000,62080.0,64.0,112173.98
2024-06-01,EK9252,DXB,BOM,B777-200LRF,97000,94090.0,97.0,293751.7
2024-08-16,EK9656,DXB,CDG,B747-8F,134000,90450.0,67.5,297596.51
2024-07-12,EK9344,DXB,FRA,B747-8F,134000,122074.0,91.1,542996.32
2024-10-19,EK9425,DXB,NRT,B777F,103000,93215.0,90.5,271171.08
2024-08-30,EK9940,DXB,CGO,B747-8F,134000,92996.0,69.4,334037.9
2024-11-29,EK9704,DXB,ORD,B747-8F,134000,127836.0,95.4,273679.61
2024-06-18,EK9115,DXB,JFK,B747-8F,134000,75710.0,56.5,322387.76
2024-03-14,EK9900,DXB,NRT,B777-200LRF,97000,92732.0,95.6,185652.83
2024-05-15,EK9972,DXB,HKG,B777-200LRF,97000,80704.0,83.2,286867.13
2024-06-17,EK9835,DXB,DEL,B777-200LRF,97000,67027.0,69.1,177955.69
2024-09-06,EK9800,DXB,CDG,B777F,103000,82194.0,79.8,200050.3
2024-05-27,EK9878,DXB,SIN,B777-200LRF,97000,54417.0,56.1,241693.75
2024-11-20,EK9129,DXB,CGO,B777F,103000,74160.0,72.0,272449.24
2024-01-24,EK9249,DXB,HKG,B777F,103000,67156.0,65.2,188847.44
2024-05-05,EK9274,DXB,CDG,B747-8F,134000,103850.0,77.5,409148.5
2024-03-30,EK9346,DXB,JFK,B777-200LRF,97000,88464.0,91.2,307254.76
2024-09-11,EK9570,DXB,BOM,B777F,103000,64272.0,62.4,226388.0
2024-05-10,EK9394,DXB,DEL,B777F,103000,95275.0,92.5,291177.91
2024-12-12,EK9701,DXB,CDG,B777F,103000,56959.0,55.3,247893.33
2024-06-02,EK9409,DXB,DEL,B747-8F,134000,111354.0,83.1,337787.54
2024-04-11,EK9467,DXB,NRT,B747-8F,134000,76112.0,56.8,215372.88
2024-10-21,EK9774,DXB,SYD,B777-200LRF,97000,63341.0,65.3,281262.55
2024-07-21,EK9862,DXB,SYD,B777F,103000,79825.0,77.5,291493.65
2024-01-26,EK9393,DXB,BOM,B777-200LRF,97000,72168.0,74.4,306080.31
2024-04-27,EK9356,DXB,BOM,B747-8F,134000,82946.0,61.9,191883.66
2024-12-13,EK9199,DXB,CGO,B777-200LRF,97000,80122.0,82.6,173808.97
2024-11-17,EK9693,DXB,DEL,B777F,103000,67877.0,65.9,202967.34
2024-07-05,EK9865,DXB,CGO,B777F,103000,57783.0,56.1,150050.79
2024-07-31,EK9474,DXB,ORD,B777F,103000,59637.0,57.9,194201.98
2024-09-28,EK9944,DXB,CDG,B747-8F,134000,119796.0,89.4,298749.57
2024-09-03,EK9579,DXB,SYD,B777-200LRF,97000,88464.0,91.2,351328.39
2024-02-08,EK9506,DXB,ORD,B777F,103000,93421.0,90.7,350831.83
2024-10-12,EK9649,DXB,HKG,B777F,103000,90228.0,87.6,165801.2
2024-03-04,EK9698,DXB,FRA,B747-8F,134000,110282.0,82.3,398704.74
2024-07-14,EK9125,DXB,DEL,B747-8F,134000,76246.0,56.9,185378.36
2024-11-13,EK9164,DXB,CDG,B747-8F,134000,124888.0,93.2,299442.89
2024-11-21,EK9243,DXB,FRA,B777-200LRF,97000,63632.0,65.6,184685.44
2024-01-24,EK9340,DXB,LHR,B747-8F,134000,129712.0,96.8,274149.59
2024-10-02,EK9860,DXB,ORD,B747-8F,134000,97016.0,72.4,350258.11
2024-12-22,EK9524,DXB,CDG,B747-8F,134000,105056.0,78.4,395201.52
2024-12-01,EK9386,DXB,JFK,B747-8F,134000,106798.0,79.7,463016.67
2024-01-17,EK9341,DXB,CGO,B747-8F,134000,82812.0,61.8,248492.21
2024-07-04,EK9760,DXB,JFK,B777-200LRF,97000,66445.0,68.5,281366.65
2024-07-02,EK9968,DXB,LHR,B747-8F,134000,86296.0,64.4,380924.23
2024-08-20,EK9121,DXB,JFK,B777-200LRF,97000,59655.0,61.5,210381.17
2024-01-26,EK9310,DXB,HKG,B777F,103000,99395.0,96.5,390109.56
2024-02-05,EK9338,DXB,CDG,B777F,103000,80752.0,78.4,322623.87
2024-06-17,EK9248,DXB,ORD,B777-200LRF,97000,50537.0,52.1,208096.03
2024-03-07,EK9987,DXB,CDG,B747-8F,134000,117786.0,87.9,246973.82
2024-01-14,EK9702,DXB,ORD,B777F,103000,70143.0,68.1,275575.37
2024-06-14,EK9531,DXB,LHR,B777F,103000,65817.0,63.9,140996.34
2024-09-26,EK9470,DXB,JFK,B777-200LRF,97000,53253.0,54.9,160309.8
2024-09-19,EK9729,DXB,BOM,B777F,103000,74469.0,72.3,178590.39
2024-01-23,EK9131,DXB,CGO,B777-200LRF,97000,73235.0,75.5,222393.81
2024-02-01,EK9829,DXB,FRA,B747-8F,134000,95408.0,71.2,199545.54
2024-08-15,EK9229,DXB,JFK,B777F,103000,68495.0,66.5,150723.34
2024-05-20,EK9490,DXB,BOM,B777-200LRF,97000,75951.0,78.3,282751.34
2024-11-01,EK9201,DXB,CDG,B747-8F,134000,97016.0,72.4,333216.23
2024-12-25,EK9838,DXB,JFK,B777-200LRF,97000,78861.0,81.3,305680.96
2024-04-20,EK9947,DXB,NRT,B747-8F,134000,123280.0,92.0,359644.33
2024-08-20,EK9420,DXB,NRT,B747-8F,134000,113632.0,84.8,300429.43
2024-12-06,EK9585,DXB,SYD,B747-8F,134000,127166.0,94.9,464717.57
2024-02-04,EK9856,DXB,JFK,B777F,103000,57886.0,56.2,119287.07
2024-07-09,EK9675,DXB,ORD,B777-200LRF,97000,53059.0,54.7,232551.57
2024-06-17,EK9868,DXB,DEL,B777F,103000,72615.0,70.5,301986.9
2024-08-04,EK9460,DXB,CGO,B777F,103000,98468.0,95.6,336869.59
2024-02-23,EK9329,DXB,BOM,B777-200LRF,97000,59752.0,61.6,213505.13
2024-02-25,EK9687,DXB,HKG,B777-200LRF,97000,66445.0,68.5,256413.59
2024-04-25,EK9728,DXB,NRT,B777-200LRF,97000,93023.0,95.9,372999.21
2024-12-11,EK9949,DXB,DEL,B777-200LRF,97000,51604.0,53.2,222337.26
2024-12-21,EK9416,DXB,SYD,B777F,103000,61903.0,60.1,228873.14
2024-06-22,EK9773,DXB,HKG,B777F,103000,62006.0,60.2,135593.42
2024-07-24,EK9193,DXB,JFK,B777F,103000,87859.0,85.3,388678.36
2024-09-28,EK9478,DXB,SIN,B747-8F,134000,95006.0,70.9,258456.14
2024-06-08,EK9186,DXB,CGO,B747-8F,134000,116580.0,87.0,388503.15
2024-01-27,EK9183,DXB,ORD,B777F,103000,88477.0,85.9,171146.26
2024-05-19,EK9524,DXB,FRA,B777-200LRF,97000,68967.0,71.1,237184.77
2024-05-19,EK9390,DXB,SIN,B777-200LRF,97000,55387.0,57.1,163987.99
2024-12-13,EK9146,DXB,DEL,B777-200LRF,97000,71683.0,73.9,258148.97
2024-04-22,EK9316,DXB,NRT,B777-200LRF,97000,52865.0,54.5,124335.44
2024-03-11,EK9864,DXB,SYD,B747-8F,134000,89512.0,66.8,162989.78
2024-08-08,EK9612,DXB,ORD,B777F,103000,71173.0,69.1,263333.87
2024-10-13,EK9143,DXB,DEL,B747-8F,134000,73968.0,55.2,305248.46
2024-08-11,EK9689,DXB,LHR,B747-8F,134000,125290.0,93.5,517159.16
2024-08-07,EK9217,DXB,BOM,B747-8F,134000,112426.0,83.9,329157.89
2024-07-26,EK9571,DXB,LHR,B747-8F,134000,79998.0,59.7,348675.97
2024-12-19,EK9546,DXB,HKG,B777F,103000,73851.0,71.7,154040.67
2024-10-28,EK9863,DXB,NRT,B777-200LRF,97000,53835.0,55.5,223437.64
2024-06-22,EK9748,DXB,SIN,B747-8F,134000,116714.0,87.1,234154.47
2024-02-28,EK9459,DXB,CDG,B777-200LRF,97000,58879.0,60.7,229381.76
2024-11-26,EK9277,DXB,ORD,B777F,103000,58298.0,56.6,145226.98
2024-11-04,EK9743,DXB,ORD,B777-200LRF,97000,53738.0,55.4,234753.85
2024-09-09,EK9678,DXB,FRA,B777-200LRF,97000,83614.0,86.2,251849.06
2024-11-25,EK9423,DXB,DEL,B777-200LRF,97000,64505.0,66.5,285217.07
2024-03-18,EK9915,DXB,FRA,B777F,103000,75293.0,73.1,263882.38
2024-05-20,EK9572,DXB,BOM,B777F,103000,69834.0,67.8,139689.98
2024-08-19,EK9760,DXB,LHR,B777F,103000,70658.0,68.6,181951.98
2024-02-16,EK9667,DXB,BOM,B777-200LRF,97000,72556.0,74.8,221246.57
2024-01-22,EK9587,DXB,FRA,B777-200LRF,97000,78861.0,81.3,210410.79
2024-09-13,EK9957,DXB,ORD,B777F,103000,74469.0,72.3,297102.3
2024-06-24,EK9353,DXB,CGO,B777F,103000,76941.0,74.7,174341.31
2024-12-28,EK9472,DXB,FRA,B747-8F,134000,101304.0,75.6,349141.66
2024-07-09,EK9712,DXB,SYD,B747-8F,134000,94336.0,70.4,255989.35
2024-01-27,EK9671,DXB,DEL,B777-200LRF,97000,65087.0,67.1,175094.77
2024-12-13,EK9717,DXB,NRT,B747-8F,134000,84822.0,63.3,347704.79
2024-03-17,EK9458,DXB,HKG,B777F,103000,80546.0,78.2,175739.82
2024-06-07,EK9825,DXB,DEL,B777-200LRF,97000,79346.0,81.8,170448.66
2024-02-13,EK9932,DXB,SYD,B777-200LRF,97000,66930.0,69.0,263536.02
2024-03-06,EK9801,DXB,DEL,B777-200LRF,97000,86621.0,89.3,328699.98
2024-09-26,EK9118,DXB,JFK,B777-200LRF,97000,79734.0,82.2,252989.52
2024-07-04,EK9884,DXB,SYD,B777F,103000,97644.0,94.8,265853.11
2024-09-05,EK9402,DXB,SIN,B777F,103000,99910.0,97.0,221635.55
2024-02-21,EK9138,DXB,CDG,B777-200LRF,97000,86912.0,89.6,363808.58
2024-12-04,EK9266,DXB,HKG,B777-200LRF,97000,56163.0,57.9,158219.24
2024-04-02,EK9548,DXB,CGO,B777-200LRF,97000,85748.0,88.4,192671.96
2024-01-23,EK9554,DXB,NRT,B747-8F,134000,110416.0,82.4,269562.06
2024-11-08,EK9344,DXB,SYD,B777-200LRF,97000,84681.0,87.3,205927.93
2024-06-07,EK9551,DXB,FRA,B777F,103000,70658.0,68.6,307874.67
2024-08-24,EK9265,DXB,SYD,B747-8F,134000,99964.0,74.6,292932.93
2024-04-12,EK9592,DXB,BOM,B777F,103000,94039.0,91.3,182518.93
2024-07-09,EK9227,DXB,CDG,B777F,103000,86520.0,84.0,276254.5
2024-05-25,EK9250,DXB,JFK,B777F,103000,66229.0,64.3,281097.52
2024-08-11,EK9127,DXB,JFK,B777F,103000,91464.0,88.8,383097.0
2024-07-31,EK9183,DXB,LHR,B747-8F,134000,99964.0,74.6,243572.36
2024-07-10,EK9831,DXB,SIN,B777F,103000,68289.0,66.3,141189.18
2024-11-28,EK9949,DXB,HKG,B777F,103000,59946.0,58.2,154335.44
2024-08-29,EK9730,DXB,CGO,B777F,103000,88683.0,86.1,271955.05
2024-01-03,EK9661,DXB,JFK,B777F,103000,65405.0,63.5,265178.06
2024-11-07,EK9408,DXB,CDG,B747-8F,134000,76380.0,57.0,196898.04
2024-03-03,EK9568,DXB,LHR,B777F,103000,73027.0,70.9,287983.99
2024-02-02,EK9627,DXB,JFK,B747-8F,134000,105726.0,78.9,194998.44
2024-10-21,EK9729,DXB,SIN,B777-200LRF,97000,56745.0,58.5,167905.33
2024-06-29,EK9187,DXB,SIN,B777-200LRF,97000,68579.0,70.7,246459.38
2024-09-25,EK9905,DXB,HKG,B777F,103000,97747.0,94.9,319537.02
2024-09-16,EK9750,DXB,CDG,B777F,103000,71688.0,69.6,220036.62
2024-07-17,EK9169,DXB,HKG,B747-8F,134000,114704.0,85.6,317059.46
2024-06-25,EK9695,DXB,SIN,B777-200LRF,97000,79152.0,81.6,164627.65
2024-06-19,EK9758,DXB,ORD,B777F,103000,69937.0,67.9,189814.44
2024-03-30,EK9286,DXB,DEL,B747-8F,134000,128774.0,96.1,398173.61
2024-03-10,EK9400,DXB,JFK,B777-200LRF,97000,84293.0,86.9,255891.2
2024-04-13,EK9417,DXB,LHR,B777F,103000,94657.0,91.9,251040.65
2024-09-20,EK9762,DXB,NRT,B777-200LRF,97000,71101.0,73.3,135011.99
2024-04-07,EK9771,DXB,SYD,B747-8F,134000,121672.0,90.8,234713.91
2024-06-18,EK9509,DXB,SYD,B777F,103000,90640.0,88.0,270086.24
2024-08-13,EK9609,DXB,NRT,B747-8F,134000,128372.0,95.8,403055.82
2024-07-07,EK9180,DXB,CDG,B747-8F,134000,118054.0,88.1,444251.32
2024-08-08,EK9181,DXB,BOM,B777F,103000,78795.0,76.5,210167.61
2024-06-16,EK9536,DXB,DEL,B747-8F,134000,88172.0,65.8,302172.36
2024-03-26,EK9990,DXB,CGO,B747-8F,134000,90852.0,67.8,173923.34
2024-06-29,EK9158,DXB,BOM,B747-8F,134000,86296.0,64.4,383678.37
2024-02-08,EK9867,DXB,DEL,B777-200LRF,97000,68191.0,70.3,217210.99
2024-12-13,EK9900,DXB,ORD,B777F,103000,60152.0,58.4,206949.76
2024-08-12,EK9475,DXB,LHR,B777F,103000,56650.0,55.0,221047.82
2024-07-04,EK9560,DXB,NRT,B777-200LRF,97000,51895.0,53.5,114910.22
2024-07-08,EK9642,DXB,HKG,B747-8F,134000,115642.0,86.3,387353.15
2024-07-06,EK9216,DXB,NRT,B747-8F,134000,108808.0,81.2,269185.71
2024-01-14,EK9675,DXB,CGO,B777F,103000,76735.0,74.5,218300.79
2024-03-01,EK9726,DXB,SYD,B747-8F,134000,112158.0,83.7,266862.03
2024-05-26,EK9175,DXB,CGO,B747-8F,134000,81740.0,61.0,177086.99
2024-08-19,EK9798,DXB,ORD,B777-200LRF,97000,69840.0,72.0,142266.52
2024-06-12,EK9397,DXB,DEL,B747-8F,134000,112426.0,83.9,369318.54
2024-06-02,EK9278,DXB,ORD,B777-200LRF,97000,81383.0,83.9,300351.45
2024-07-04,EK9242,DXB,CDG,B777F,103000,59225.0,57.5,138743.27
2024-05-01,EK9578,DXB,FRA,B777F,103000,70246.0,68.2,234983.34
2024-10-09,EK9507,DXB,ORD,B777-200LRF,97000,89046.0,91.8,176090.24
2024-09-02,EK9175,DXB,CDG,B747-8F,134000,116044.0,86.6,466846.91
2024-03-05,EK9629,DXB,HKG,B777-200LRF,97000,53641.0,55.3,164020.75
2024-06-25,EK9232,DXB,ORD,B777-200LRF,97000,78376.0,80.8,179582.97
2024-08-09,EK9411,DXB,CDG,B777F,103000,92082.0,89.4,294558.88
2024-03-25,EK9631,DXB,ORD,B747-8F,134000,126094.0,94.1,303731.42
2024-05-25,EK9381,DXB,JFK,B747-8F,134000,81472.0,60.8,357022.48
2024-03-05,EK9756,DXB,DEL,B747-8F,134000,106664.0,79.6,218901.91
2024-03-27,EK9837,DXB,BOM,B777-200LRF,97000,57133.0,58.9,204454.94
2024-11-05,EK9183,DXB,HKG,B777-200LRF,97000,52283.0,53.9,216044.29
2024-01-24,EK9685,DXB,DEL,B777-200LRF,97000,61983.0,63.9,146849.05
2024-08-01,EK9658,DXB,BOM,B777-200LRF,97000,51798.0,53.4,217566.7
2024-05-28,EK9801,DXB,DEL,B747-8F,134000,98758.0,73.7,392331.76
2024-07-26,EK9550,DXB,SYD,B747-8F,134000,74102.0,55.3,145370.72
2024-07-31,EK9420,DXB,FRA,B747-8F,134000,82008.0,61.2,281942.09
2024-06-12,EK9479,DXB,CGO,B747-8F,134000,128506.0,95.9,276682.23
2024-09-20,EK9373,DXB,CDG,B777F,103000,68392.0,66.4,209243.68
2024-08-18,EK9493,DXB,SIN,B777F,103000,58092.0,56.4,150084.89
2024-11-11,EK9933,DXB,NRT,B777F,103000,98159.0,95.3,415825.01
2024-06-16,EK9610,DXB,BOM,B777-200LRF,97000,64117.0,66.1,247519.04
2024-09-20,EK9192,DXB,FRA,B747-8F,134000,122744.0,91.6,385772.09
2024-07-20,EK9461,DXB,CDG,B747-8F,134000,127970.0,95.5,304682.49
2024-01-25,EK9769,DXB,LHR,B747-8F,134000,99562.0,74.3,416399.8
2024-12-10,EK9541,DXB,FRA,B747-8F,134000,102108.0,76.2,417352.7
2024-03-09,EK9146,DXB,SYD,B777-200LRF,97000,66445.0,68.5,191945.39
2024-07-24,EK9395,DXB,LHR,B777-200LRF,97000,74981.0,77.3,208358.27
2024-02-07,EK9945,DXB,NRT,B777-200LRF,97000,70131.0,72.3,230353.27
2024-11-15,EK9503,DXB,DEL,B777-200LRF,97000,55581.0,57.3,246375.21
2024-07-10,EK9303,DXB,HKG,B777-200LRF,97000,91471.0,94.3,351102.83
2024-11-04,EK9240,DXB,CDG,B747-8F,134000,99830.0,74.5,191905.11
2024-06-19,EK9627,DXB,FRA,B777-200LRF,97000,70422.0,72.6,242033.61
2024-03-12,EK9731,DXB,HKG,B777-200LRF,97000,64311.0,66.3,183992.32
2024-06-02,EK9601,DXB,BOM,B747-8F,134000,100232.0,74.8,318359.69
2024-12-28,EK9439,DXB,BOM,B747-8F,134000,98356.0,73.4,181458.93
2024-12-10,EK9842,DXB,JFK,B747-8F,134000,104922.0,78.3,414571.79
2024-12-18,EK9771,DXB,DEL,B777F,103000,81267.0,78.9,204543.53
2024-10-23,EK9274,DXB,BOM,B777F,103000,87035.0,84.5,293787.76
2024-09-25,EK9251,DXB,DEL,B777-200LRF,97000,77503.0,79.9,315526.43
2024-12-14,EK9295,DXB,SIN,B777F,103000,80134.0,77.8,295807.17
2024-01-10,EK9308,DXB,FRA,B747-8F,134000,94872.0,70.8,276551.15
2024-07-29,EK9853,DXB,CDG,B777-200LRF,97000,90598.0,93.4,376580.35
2024-02-01,EK9778,DXB,CGO,B777F,103000,77559.0,75.3,257061.11
2024-09-01,EK9645,DXB,CDG,B747-8F,134000,88574.0,66.1,200849.74
2024-06-24,EK9797,DXB,CDG,B747-8F,134000,110416.0,82.4,457416.71
2024-11-25,EK9352,DXB,CGO,B747-8F,134000,106530.0,79.5,247055.14
2024-05-22,EK9404,DXB,CDG,B747-8F,134000,83214.0,62.1,368376.62
2024-05-27,EK9591,DXB,CGO,B777F,103000,85593.0,83.1,267076.55
2024-06-27,EK9792,DXB,CDG,B777-200LRF,97000,62371.0,64.3,132791.61
2024-10-05,EK9923,DXB,NRT,B747-8F,134000,118992.0,88.8,520880.81
2024-03-15,EK9454,DXB,SYD,B777F,103000,66847.0,64.9,249217.75
2024-08-14,EK9947,DXB,DEL,B747-8F,134000,114704.0,85.6,272739.09
2024-10-02,EK9730,DXB,SYD,B777-200LRF,97000,80801.0,83.3,175389.64
2024-10-27,EK9331,DXB,SIN,B777F,103000,55929.0,54.3,237362.53
2024-11-22,EK9583,DXB,SIN,B777F,103000,58195.0,56.5,156648.88
2024-02-21,EK9261,DXB,DEL,B777F,103000,53766.0,52.2,176672.49
2024-07-27,EK9394,DXB,DEL,B747-8F,134000,98490.0,73.5,230321.93
2024-06-13,EK9767,DXB,SYD,B777-200LRF,97000,53059.0,54.7,205633.2
2024-10-20,EK9138,DXB,SIN,B777-200LRF,97000,82644.0,85.2,338501.51
2024-03-30,EK9956,DXB,NRT,B777F,103000,96820.0,94.0,183775.75
2024-07-22,EK9396,DXB,FRA,B777F,103000,96923.0,94.1,426243.58
2024-01-20,EK9443,DXB,LHR,B747-8F,134000,103984.0,77.6,217296.6
2024-05-25,EK9237,DXB,FRA,B777-200LRF,97000,74108.0,76.4,232222.13
2024-09-15,EK9266,DXB,FRA,B747-8F,134000,81338.0,60.7,171147.05
2024-08-22,EK9445,DXB,DEL,B747-8F,134000,112962.0,84.3,207627.24
2024-05-31,EK9976,DXB,BOM,B777-200LRF,97000,83517.0,86.1,189903.98
2024-11-23,EK9785,DXB,NRT,B747-8F,134000,100768.0,75.2,204981.46
2024-02-18,EK9106,DXB,ORD,B777F,103000,75705.0,73.5,327554.98
2024-05-13,EK9437,DXB,NRT,B777F,103000,74263.0,72.1,187208.46
2024-06-03,EK9468,DXB,BOM,B777-200LRF,97000,75466.0,77.8,189132.4
2024-12-20,EK9263,DXB,SIN,B777F,103000,84563.0,82.1,258472.43
2024-07-26,EK9888,DXB,DEL,B777-200LRF,97000,90695.0,93.5,380652.7
2024-06-08,EK9476,DXB,CGO,B777F,103000,83121.0,80.7,360721.55
2024-11-10,EK9565,DXB,SIN,B777F,103000,97953.0,95.1,302781.65
2024-11-06,EK9875,DXB,HKG,B747-8F,134000,112024.0,83.6,477732.13
2024-10-02,EK9710,DXB,DEL,B777F,103000,88889.0,86.3,323282.46
2024-02-11,EK9677,DXB,CDG,B747-8F,134000,101572.0,75.8,282047.07
2024-02-27,EK9649,DXB,LHR,B777-200LRF,97000,89822.0,92.6,210706.54
2024-03-17,EK9796,DXB,ORD,B747-8F,134000,121270.0,90.5,362957.41
2024-04-15,EK9556,DXB,CGO,B777-200LRF,97000,71780.0,74.0,303414.15
2024-01-29,EK9159,DXB,FRA,B777F,103000,77353.0,75.1,234639.18
2024-10-13,EK9505,DXB,FRA,B777-200LRF,97000,85651.0,88.3,321435.89
2024-05-10,EK9533,DXB,LHR,B777-200LRF,97000,59946.0,61.8,119722.94
2024-06-25,EK9170,DXB,CGO,B777F,103000,78692.0,76.4,154448.02
2024-08-29,EK9884,DXB,LHR,B747-8F,134000,94336.0,70.4,365667.52
2024-11-24,EK9491,DXB,CGO,B777-200LRF,97000,92538.0,95.4,260128.43
2024-08-17,EK9995,DXB,NRT,B747-8F,134000,74504.0,55.6,328055.25
2024-10-03,EK9650,DXB,ORD,B777-200LRF,97000,87979.0,90.7,186542.71
2024-07-20,EK9103,DXB,CDG,B777F,103000,87344.0,84.8,209735.97
2024-01-12,EK9644,DXB,SYD,B747-8F,134000,110282.0,82.3,360622.41
2024-07-13,EK9293,DXB,SIN,B777F,103000,74881.0,72.7,166148.04
2024-02-27,EK9116,DXB,LHR,B777-200LRF,97000,68773.0,70.9,266037.65
2024-05-03,EK9712,DXB,SIN,B777F,103000,58195.0,56.5,110026.72
2024-12-10,EK9549,DXB,CGO,B777F,103000,64890.0,63.0,124552.41
2024-04-29,EK9243,DXB,CDG,B777F,103000,88477.0,85.9,344650.81
2024-09-14,EK9426,DXB,SYD,B777F,103000,91361.0,88.7,344896.66
2024-10-22,EK9997,DXB,BOM,B777-200LRF,97000,86136.0,88.8,210140.91
2024-03-14,EK9162,DXB,DEL,B777-200LRF,97000,60043.0,61.9,156793.44
2024-10-12,EK9537,DXB,BOM,B777-200LRF,97000,90210.0,93.0,314849.27
2024-10-11,EK9787,DXB,FRA,B777F,103000,98674.0,95.8,428470.46
2024-07-14,EK9407,DXB,CDG,B747-8F,134000,111622.0,83.3,323960.51
2024-07-11,EK9407,DXB,ORD,B777-200LRF,97000,71101.0,73.3,291032.07
2024-12-28,EK9526,DXB,ORD,B747-8F,134000,124888.0,93.2,414433.59
2024-10-12,EK9438,DXB,CDG,B777F,103000,71585.0,69.5,178138.43
2024-11-27,EK9841,DXB,JFK,B747-8F,134000,120734.0,90.1,247462.78
2024-04-07,EK9140,DXB,LHR,B747-8F,134000,92460.0,69.0,317453.78
2024-02-07,EK9590,DXB,SIN,B777-200LRF,97000,82062.0,84.6,271534.65
2024-04-16,EK9294,DXB,HKG,B747-8F,134000,127434.0,95.1,234657.1
2024-03-01,EK9820,DXB,CGO,B747-8F,134000,124754.0,93.1,458869.04
2024-04-14,EK9489,DXB,NRT,B777F,103000,79104.0,76.8,308022.08
2024-08-26,EK9625,DXB,CDG,B777-200LRF,97000,66154.0,68.2,165796.24
2024-09-11,EK9879,DXB,FRA,B777F,103000,90743.0,88.1,340333.13
2024-06-12,EK9984,DXB,SIN,B747-8F,134000,88574.0,66.1,170366.04
2024-04-23,EK9698,DXB,CGO,B777F,103000,54281.0,52.7,178798.42
2024-10-23,EK9335,DXB,CGO,B747-8F,134000,87502.0,65.3,203854.97
2024-07-13,EK9801,DXB,BOM,B777F,103000,76735.0,74.5,273747.62
2024-06-21,EK9602,DXB,SYD,B747-8F,134000,127970.0,95.5,452063.63
2024-08-23,EK9837,DXB,ORD,B777-200LRF,97000,85166.0,87.8,192221.15
2024-10-06,EK9757,DXB,FRA,B777F,103000,96099.0,93.3,313644.99
2024-01-31,EK9937,DXB,CDG,B777F,103000,92494.0,89.8,185052.02
2024-12-08,EK9336,DXB,LHR,B777F,103000,72718.0,70.6,296316.45
2024-02-04,EK9482,DXB,CGO,B777F,103000,53972.0,52.4,170847.23
2024-01-31,EK9594,DXB,BOM,B777-200LRF,97000,79540.0,82.0,275574.46
2024-12-03,EK9112,DXB,FRA,B777F,103000,53869.0,52.3,177198.71
2024-01-09,EK9117,DXB,CDG,B777-200LRF,97000,62468.0,64.4,277307.59
2024-09-14,EK9283,DXB,CGO,B777-200LRF,97000,69258.0,71.4,300387.33
2024-02-24,EK9639,DXB,JFK,B777-200LRF,97000,56939.0,58.7,131996.93
2024-05-09,EK9515,DXB,HKG,B747-8F,134000,117652.0,87.8,236874.88
2024-08-23,EK9800,DXB,BOM,B777F,103000,99498.0,96.6,239771.73
2024-02-11,EK9488,DXB,DEL,B777-200LRF,97000,83614.0,86.2,171613.67
2024-07-12,EK9275,DXB,CDG,B747-8F,134000,73030.0,54.5,133317.39
2024-02-12,EK9978,DXB,FRA,B747-8F,134000,108540.0,81.0,292453.5
2024-02-18,EK9808,DXB,CDG,B777F,103000,64169.0,62.3,271655.42
2024-10-17,EK9387,DXB,FRA,B747-8F,134000,72494.0,54.1,145041.63
2024-10-05,EK9422,DXB,BOM,B777-200LRF,97000,51895.0,53.5,223546.49
2024-01-09,EK9940,DXB,SIN,B777-200LRF,97000,56745.0,58.5,227880.26
2024-07-22,EK9954,DXB,JFK,B747-8F,134000,79462.0,59.3,194624.28
2024-07-18,EK9243,DXB,DEL,B777-200LRF,97000,64893.0,66.9,249198.53
2024-12-18,EK9154,DXB,CGO,B777F,103000,76735.0,74.5,339987.69
2024-02-20,EK9887,DXB,NRT,B777F,103000,92391.0,89.7,251266.6
2024-11-10,EK9749,DXB,BOM,B747-8F,134000,128104.0,95.6,343474.62
2024-05-19,EK9484,DXB,FRA,B747-8F,134000,83482.0,62.3,274923.08
2024-08-09,EK9890,DXB,ORD,B777-200LRF,97000,76048.0,78.4,214926.58
2024-11-12,EK9257,DXB,SYD,B777F,103000,86623.0,84.1,175108.62
2024-07-13,EK9469,DXB,CGO,B777-200LRF,97000,57133.0,58.9,162942.14
2024-02-24,EK9879,DXB,JFK,B777F,103000,97232.0,94.4,291772.51
2024-05-18,EK9670,DXB,JFK,B777F,103000,57577.0,55.9,170637.77
2024-10-11,EK9667,DXB,CDG,B747-8F,134000,75844.0,56.6,154871.24
2024-02-17,EK9112,DXB,BOM,B777-200LRF,97000,84681.0,87.3,349905.2
2024-05-29,EK9672,DXB,NRT,B747-8F,134000,116714.0,87.1,438503.65
2024-05-04,EK9242,DXB,BOM,B777-200LRF,97000,57812.0,59.6,163490.98
2024-05-17,EK9545,DXB,SYD,B747-8F,134000,99428.0,74.2,195954.82
2024-05-21,EK9357,DXB,NRT,B747-8F,134000,98892.0,73.8,198544.25
2024-05-06,EK9568,DXB,CGO,B777-200LRF,97000,72071.0,74.3,249726.43
2024-02-24,EK9961,DXB,ORD,B747-8F,134000,70082.0,52.3,201020.99
2024-11-13,EK9943,DXB,NRT,B747-8F,134000,96212.0,71.8,285043.81
2024-11-29,EK9811,DXB,BOM,B777F,103000,67465.0,65.5,231315.25
2024-04-12,EK9426,DXB,FRA,B747-8F,134000,80400.0,60.0,231169.85
2024-05-29,EK9900,DXB,CGO,B777-200LRF,97000,78085.0,80.5,344586.01
2024-05-04,EK9473,DXB,HKG,B747-8F,134000,86564.0,64.6,339490.13
2024-02-28,EK9798,DXB,BOM,B777F,103000,81061.0,78.7,265328.75
2024-10-08,EK9548,DXB,LHR,B777-200LRF,97000,70616.0,72.8,262168.33
2024-05-29,EK9518,DXB,CGO,B777F,103000,91567.0,88.9,361531.56
2024-12-10,EK9774,DXB,FRA,B777F,103000,82915.0,80.5,203428.4
2024-03-19,EK9712,DXB,CGO,B747-8F,134000,117250.0,87.5,234465.51
2024-09-02,EK9990,DXB,BOM,B747-8F,134000,101840.0,76.0,437243.78
2024-12-20,EK9818,DXB,NRT,B777-200LRF,97000,52089.0,53.7,229960.21
2024-10-01,EK9354,DXB,BOM,B777-200LRF,97000,90307.0,93.1,189220.03
2024-12-02,EK9676,DXB,DEL,B747-8F,134000,79730.0,59.5,275405.78
2024-11-26,EK9915,DXB,DEL,B777-200LRF,97000,67900.0,70.0,260209.33
2024-08-08,EK9864,DXB,JFK,B777F,103000,58092.0,56.4,139386.11
2024-09-22,EK9483,DXB,CDG,B777-200LRF,97000,80413.0,82.9,192732.73
2024-07-19,EK9453,DXB,FRA,B777-200LRF,97000,76145.0,78.5,239952.51
2024-01-13,EK9187,DXB,FRA,B777F,103000,67259.0,65.3,288236.99
2024-02-29,EK9903,DXB,CGO,B777F,103000,69731.0,67.7,190106.23
2024-04-15,EK9839,DXB,CDG,B747-8F,134000,90718.0,67.7,187204.05
2024-12-22,EK9827,DXB,FRA,B747-8F,134000,73700.0,55.0,141551.48
2024-02-28,EK9268,DXB,LHR,B747-8F,134000,108808.0,81.2,394785.48
2024-05-04,EK9536,DXB,CDG,B777F,103000,79104.0,76.8,213080.24
2024-08-24,EK9773,DXB,SIN,B747-8F,134000,107602.0,80.3,247833.74
2024-08-09,EK9560,DXB,NRT,B777F,103000,87756.0,85.2,367202.95
2024-10-30,EK9385,DXB,NRT,B747-8F,134000,69948.0,52.2,166472.71
2024-12-26,EK9291,DXB,JFK,B777-200LRF,97000,54902.0,56.6,228081.8
2024-07-06,EK9983,DXB,HKG,B777F,103000,74778.0,72.6,187569.71
2024-09-07,EK9501,DXB,CDG,B777-200LRF,97000,64117.0,66.1,182690.24
2024-10-27,EK9276,DXB,JFK,B747-8F,134000,90852.0,67.8,275846.98
2024-12-10,EK9788,DXB,CGO,B747-8F,134000,125022.0,93.3,424256.48
2024-03-09,EK9482,DXB,HKG,B777F,103000,64581.0,62.7,136638.03
2024-12-21,EK9688,DXB,ORD,B777-200LRF,97000,67415.0,69.5,229908.73
2024-07-15,EK9760,DXB,NRT,B777F,103000,76117.0,73.9,247450.58
2024-03-29,EK9422,DXB,CDG,B777F,103000,76220.0,74.0,166068.19
2024-08-18,EK9596,DXB,BOM,B777F,103000,93627.0,90.9,409147.49
2024-03-10,EK9606,DXB,SIN,B747-8F,134000,127836.0,95.4,404560.37
2024-07-28,EK9600,DXB,DEL,B747-8F,134000,94738.0,70.7,385366.51
2024-03-26,EK9399,DXB,JFK,B777-200LRF,97000,51798.0,53.4,199673.67
2024-01-17,EK9568,DXB,SYD,B777F,103000,78486.0,76.2,176920.33
2024-10-16,EK9216,DXB,CGO,B747-8F,134000,102778.0,76.7,216416.52
2024-05-17,EK9878,DXB,CDG,B747-8F,134000,102376.0,76.4,393464.02
2024-08-13,EK9949,DXB,CDG,B777F,103000,99395.0,96.5,206396.14
2024-11-30,EK9369,DXB,SIN,B747-8F,134000,122476.0,91.4,231114.91
2024-06-27,EK9931,DXB,JFK,B747-8F,134000,121806.0,90.9,257856.27
2024-05-01,EK9827,DXB,SIN,B777-200LRF,97000,76145.0,78.5,209147.72
2024-11-08,EK9311,DXB,DEL,B747-8F,134000,79730.0,59.5,173487.25
2024-04-15,EK9651,DXB,LHR,B777-200LRF,97000,65766.0,67.8,168290.56
2024-03-27,EK9978,DXB,HKG,B777-200LRF,97000,63244.0,65.2,211638.84
2024-09-20,EK9521,DXB,DEL,B777F,103000,59843.0,58.1,228914.69
2024-01-31,EK9355,DXB,SYD,B777-200LRF,97000,55969.0,57.7,231622.82
2024-03-15,EK9792,DXB,CGO,B747-8F,134000,119662.0,89.3,461414.12
2024-07-20,EK9524,DXB,FRA,B777F,103000,80340.0,78.0,202901.59
2024-07-11,EK9195,DXB,FRA,B777F,103000,82915.0,80.5,346281.04
2024-07-25,EK9477,DXB,CDG,B777-200LRF,97000,62565.0,64.5,270788.05
2024-08-20,EK9967,DXB,FRA,B747-8F,134000,104788.0,78.2,434456.39
2024-02-17,EK9970,DXB,CGO,B747-8F,134000,108004.0,80.6,397744.2
2024-02-02,EK9316,DXB,CDG,B747-8F,134000,82812.0,61.8,245126.53
2024-09-10,EK9691,DXB,SYD,B747-8F,134000,119662.0,89.3,324516.03
2024-03-07,EK9880,DXB,BOM,B747-8F,134000,117250.0,87.5,494117.01
2024-01-25,EK9116,DXB,LHR,B777F,103000,82606.0,80.2,335305.67
2024-03-04,EK9538,DXB,ORD,B747-8F,134000,97150.0,72.5,435034.13
2024-04-13,EK9995,DXB,CGO,B777F,103000,94451.0,91.7,246992.85
2024-05-20,EK9780,DXB,JFK,B777-200LRF,97000,66154.0,68.2,133798.81
2024-11-28,EK9816,DXB,ORD,B777F,103000,71894.0,69.8,188712.76
2024-04-29,EK9318,DXB,NRT,B777-200LRF,97000,54417.0,56.1,111935.55
2024-09-01,EK9555,DXB,JFK,B777F,103000,81061.0,78.7,259597.81
2024-01-05,EK9980,DXB,LHR,B777-200LRF,97000,65475.0,67.5,139173.87
2024-08-04,EK9191,DXB,CGO,B777F,103000,75705.0,73.5,183066.54
2024-02-22,EK9491,DXB,JFK,B747-8F,134000,91790.0,68.5,239387.35
2024-03-09,EK9108,DXB,DEL,B777-200LRF,97000,56648.0,58.4,183107.43
2024-11-08,EK9743,DXB,DEL,B777F,103000,73954.0,71.8,277369.39
2024-03-18,EK9188,DXB,NRT,B777-200LRF,97000,80413.0,82.9,331454.25
2024-02-21,EK9539,DXB,ORD,B777F,103000,80855.0,78.5,229376.43
2024-06-10,EK9666,DXB,ORD,B777F,103000,66435.0,64.5,134695.07
2024-11-03,EK9807,DXB,BOM,B777-200LRF,97000,76921.0,79.3,300239.44
2024-01-14,EK9293,DXB,DEL,B747-8F,134000,82008.0,61.2,282001.12
2024-07-19,EK9345,DXB,SYD,B777-200LRF,97000,52865.0,54.5,223321.0
2024-09-10,EK9172,DXB,NRT,B777F,103000,64684.0,62.8,227870.24
2024-09-27,EK9981,DXB,LHR,B747-8F,134000,125960.0,94.0,271614.32
2024-10-18,EK9582,DXB,NRT,B747-8F,134000,102644.0,76.6,232640.56
2024-02-07,EK9140,DXB,LHR,B777-200LRF,97000,53350.0,55.0,133796.48
2024-01-31,EK9885,DXB,NRT,B777-200LRF,97000,62953.0,64.9,234443.17
2024-07-31,EK9650,DXB,NRT,B777-200LRF,97000,67997.0,70.1,239992.06
2024-11-11,EK9308,DXB,ORD,B747-8F,134000,74772.0,55.8,150542.82
2024-03-20,EK9954,DXB,CDG,B747-8F,134000,93264.0,69.6,327598.61
2024-11-28,EK9847,DXB,DEL,B777-200LRF,97000,53350.0,55.0,196670.77
2024-05-02,EK9564,DXB,LHR,B777F,103000,57577.0,55.9,171182.51
2024-11-09,EK9858,DXB,BOM,B777F,103000,67877.0,65.9,258107.21
2024-03-30,EK9267,DXB,JFK,B777F,103000,86417.0,83.9,319228.63
2024-09-11,EK9365,DXB,HKG,B777-200LRF,97000,73041.0,75.3,293680.96
2024-03-26,EK9850,DXB,HKG,B777F,103000,88271.0,85.7,367061.02
2024-03-01,EK9165,DXB,LHR,B747-8F,134000,118322.0,88.3,299869.08
2024-05-14,EK9623,DXB,CGO,B777-200LRF,97000,77794.0,80.2,244241.92
2024-07-03,EK9261,DXB,LHR,B747-8F,134000,121538.0,90.7,273530.96
2024-05-10,EK9858,DXB,JFK,B777-200LRF,97000,79831.0,82.3,168555.23
2024-09-17,EK9147,DXB,LHR,B777F,103000,93318.0,90.6,171068.49
2024-08-29,EK9978,DXB,HKG,B747-8F,134000,125156.0,93.4,285755.49
2024-01-19,EK9429,DXB,CDG,B777-200LRF,97000,82741.0,85.3,242621.2
2024-05-07,EK9685,DXB,NRT,B777-200LRF,97000,64408.0,66.4,259576.6
2024-07-09,EK9328,DXB,JFK,B777-200LRF,97000,79831.0,82.3,155048.95
2024-09-21,EK9389,DXB,LHR,B747-8F,134000,73834.0,55.1,225618.56
2024-06-08,EK9305,DXB,HKG,B777F,103000,79207.0,76.9,144276.88
2024-05-29,EK9477,DXB,BOM,B747-8F,134000,114302.0,85.3,280608.76
2024-10-29,EK9915,DXB,FRA,B777F,103000,87550.0,85.0,286788.41
2024-05-05,EK9654,DXB,ORD,B777F,103000,96820.0,94.0,180526.48
2024-06-26,EK9101,DXB,DEL,B777-200LRF,97000,88755.0,91.5,387652.88
2024-12-02,EK9642,DXB,NRT,B777-200LRF,97000,82159.0,84.7,170945.14
